msg_id,msg_len,is_covert,is_detected
2,50,True,False
2,50,True,False
3,50,True,True
3,50,True,True
4,50,True,False
4,50,True,False
6,50,True,False
6,50,True,True
7,50,True,False
7,50,True,False
8,50,True,False
8,50,True,True
9,50,True,False
9,50,True,False
10,50,True,False
10,50,True,False
11,50,True,False
12,50,True,False
12,50,True,False
13,50,True,True
13,50,True,True
14,50,True,True
14,50,True,False
15,50,True,True
15,50,True,True
16,50,True,False
16,50,True,True
17,50,True,True
17,50,True,True
18,50,True,False
18,50,True,True
19,50,True,True
19,50,True,True
20,50,True,False
20,50,True,False
21,50,False,False
21,50,False,False
22,50,False,False
22,50,False,False
23,50,False,False
23,50,False,False
24,50,False,False
24,50,False,False
25,50,False,False
25,50,False,False
26,50,False,False
26,50,False,False
27,50,False,False
27,50,False,False
28,50,False,False
28,50,False,False
29,50,False,False
29,50,False,False
30,50,False,False
30,50,False,False
31,50,False,False
31,50,False,False
32,50,False,False
32,50,False,False
33,50,False,False
33,50,False,False
34,50,False,False
34,50,False,False
35,50,False,False
35,50,False,False
36,50,False,False
36,50,False,False
37,50,False,False
37,50,False,False
38,50,False,False
38,50,False,False
39,50,False,False
39,50,False,False
40,50,False,False
40,50,False,False
41,100,True,False
41,100,True,True
41,100,True,True
42,100,True,True
42,100,True,True
42,100,True,True
43,100,True,False
44,100,True,False
45,100,True,False
45,100,True,True
45,100,True,True
46,100,True,False
46,100,True,True
47,100,True,False
47,100,True,True
47,100,True,True
48,100,True,False
48,100,True,True
48,100,True,True
49,100,True,False
49,100,True,True
49,100,True,True
50,100,True,False
51,100,True,False
51,100,True,True
51,100,True,True
52,100,True,False
52,100,True,False
52,100,True,True
53,100,True,True
53,100,True,True
53,100,True,True
54,100,True,False
54,100,True,False
54,100,True,True
55,100,True,False
55,100,True,False
55,100,True,True
56,100,True,False
56,100,True,True
56,100,True,True
58,100,True,False
58,100,True,True
58,100,True,True
59,100,True,False
59,100,True,True
59,100,True,True
60,100,True,False
60,100,True,False
60,100,True,True
61,100,False,False
61,100,False,False
61,100,False,False
62,100,False,False
62,100,False,False
62,100,False,False
63,100,False,False
63,100,False,False
63,100,False,False
64,100,False,False
64,100,False,False
64,100,False,False
65,100,False,False
65,100,False,False
65,100,False,False
66,100,False,False
66,100,False,False
66,100,False,False
67,100,False,False
67,100,False,False
67,100,False,False
68,100,False,False
68,100,False,False
68,100,False,False
69,100,False,False
69,100,False,False
69,100,False,False
70,100,False,False
70,100,False,False
70,100,False,False
71,100,False,False
71,100,False,False
71,100,False,False
72,100,False,False
72,100,False,False
72,100,False,False
73,100,False,False
73,100,False,False
73,100,False,False
74,100,False,False
74,100,False,False
74,100,False,False
75,100,False,False
75,100,False,False
75,100,False,False
76,100,False,False
76,100,False,False
76,100,False,False
77,100,False,False
77,100,False,False
77,100,False,False
78,100,False,False
78,100,False,False
79,100,False,False
79,100,False,False
79,100,False,False
80,100,False,False
80,100,False,False
80,100,False,False
81,250,True,False
81,250,True,True
81,250,True,True
81,250,True,True
81,250,True,True
81,250,True,True
81,250,True,True
82,250,True,False
82,250,True,True
82,250,True,True
82,250,True,True
82,250,True,True
82,250,True,True
82,250,True,True
83,250,True,False
83,250,True,False
83,250,True,True
83,250,True,True
84,250,True,False
84,250,True,True
84,250,True,True
84,250,True,True
84,250,True,True
84,250,True,True
84,250,True,True
85,250,True,False
86,250,True,False
86,250,True,True
86,250,True,True
86,250,True,True
86,250,True,True
86,250,True,True
86,250,True,True
87,250,True,False
87,250,True,True
87,250,True,True
87,250,True,True
87,250,True,True
87,250,True,True
87,250,True,True
89,250,True,False
89,250,True,True
89,250,True,True
90,250,True,False
90,250,True,True
90,250,True,True
90,250,True,True
90,250,True,True
90,250,True,True
90,250,True,True
91,250,True,False
91,250,True,False
91,250,True,True
91,250,True,True
91,250,True,True
91,250,True,True
91,250,True,True
92,250,True,False
93,250,True,False
93,250,True,True
93,250,True,True
93,250,True,True
93,250,True,True
93,250,True,True
94,250,True,False
94,250,True,True
94,250,True,True
94,250,True,True
94,250,True,True
94,250,True,True
94,250,True,True
95,250,True,False
96,250,True,False
96,250,True,True
96,250,True,True
96,250,True,True
96,250,True,True
96,250,True,True
96,250,True,True
97,250,True,False
97,250,True,True
97,250,True,True
97,250,True,True
97,250,True,True
97,250,True,True
97,250,True,True
98,250,True,False
98,250,True,True
98,250,True,True
98,250,True,True
98,250,True,True
98,250,True,True
98,250,True,True
99,250,True,False
99,250,True,True
99,250,True,True
99,250,True,True
99,250,True,True
101,250,False,False
101,250,False,False
101,250,False,False
101,250,False,False
101,250,False,False
101,250,False,False
101,250,False,False
102,250,False,False
102,250,False,False
102,250,False,False
102,250,False,False
102,250,False,False
102,250,False,False
102,250,False,False
103,250,False,False
103,250,False,False
103,250,False,False
103,250,False,False
103,250,False,False
103,250,False,False
103,250,False,False
104,250,False,False
104,250,False,False
104,250,False,False
104,250,False,False
104,250,False,False
104,250,False,False
104,250,False,False
105,250,False,False
105,250,False,False
105,250,False,False
105,250,False,False
105,250,False,False
105,250,False,False
105,250,False,False
106,250,False,False
106,250,False,False
106,250,False,False
106,250,False,False
106,250,False,False
106,250,False,False
107,250,False,False
107,250,False,False
107,250,False,False
107,250,False,False
107,250,False,False
107,250,False,False
107,250,False,False
108,250,False,False
108,250,False,False
108,250,False,False
108,250,False,False
108,250,False,False
108,250,False,False
108,250,False,False
109,250,False,False
109,250,False,False
109,250,False,False
109,250,False,False
109,250,False,False
109,250,False,False
109,250,False,False
110,250,False,False
110,250,False,False
110,250,False,False
110,250,False,False
110,250,False,False
110,250,False,False
110,250,False,False
111,250,False,False
111,250,False,False
111,250,False,False
111,250,False,False
111,250,False,False
111,250,False,False
111,250,False,False
112,250,False,False
112,250,False,False
112,250,False,False
112,250,False,False
112,250,False,False
112,250,False,False
112,250,False,False
113,250,False,False
113,250,False,False
113,250,False,False
113,250,False,False
113,250,False,False
113,250,False,False
113,250,False,False
114,250,False,False
114,250,False,False
114,250,False,False
114,250,False,False
114,250,False,False
114,250,False,False
114,250,False,False
115,250,False,False
115,250,False,False
115,250,False,False
115,250,False,False
115,250,False,False
115,250,False,False
115,250,False,False
116,250,False,False
116,250,False,False
116,250,False,False
116,250,False,False
116,250,False,False
116,250,False,False
116,250,False,False
117,250,False,False
117,250,False,False
117,250,False,False
117,250,False,False
117,250,False,False
117,250,False,False
117,250,False,False
118,250,False,False
118,250,False,False
118,250,False,False
118,250,False,False
118,250,False,False
118,250,False,False
118,250,False,False
119,250,False,False
119,250,False,False
119,250,False,False
119,250,False,False
119,250,False,False
119,250,False,False
119,250,False,False
120,250,False,False
120,250,False,False
120,250,False,False
120,250,False,False
120,250,False,False
120,250,False,False
120,250,False,False
121,500,True,True
121,500,True,True
121,500,True,True
121,500,True,True
121,500,True,True
121,500,True,True
121,500,True,True
121,500,True,True
121,500,True,True
121,500,True,True
121,500,True,True
121,500,True,True
121,500,True,True
122,500,True,False
122,500,True,False
122,500,True,True
122,500,True,True
122,500,True,True
123,500,True,False
123,500,True,False
123,500,True,True
123,500,True,True
123,500,True,True
123,500,True,True
123,500,True,True
123,500,True,True
123,500,True,True
123,500,True,True
123,500,True,True
123,500,True,True
123,500,True,True
123,500,True,True
124,500,True,False
124,500,True,True
124,500,True,True
124,500,True,True
124,500,True,True
124,500,True,True
124,500,True,True
124,500,True,True
124,500,True,True
124,500,True,True
124,500,True,True
124,500,True,True
124,500,True,True
124,500,True,True
125,500,True,False
125,500,True,True
125,500,True,True
126,500,True,False
126,500,True,True
126,500,True,True
126,500,True,True
126,500,True,True
126,500,True,True
126,500,True,True
126,500,True,True
126,500,True,True
126,500,True,True
126,500,True,True
126,500,True,True
126,500,True,True
127,500,True,False
127,500,True,False
127,500,True,True
127,500,True,True
127,500,True,True
127,500,True,True
127,500,True,True
127,500,True,True
128,500,True,False
128,500,True,True
128,500,True,True
128,500,True,True
128,500,True,True
128,500,True,True
128,500,True,True
128,500,True,True
128,500,True,True
128,500,True,True
128,500,True,True
128,500,True,True
128,500,True,True
128,500,True,True
130,500,True,False
130,500,True,True
130,500,True,True
130,500,True,True
130,500,True,True
130,500,True,True
130,500,True,True
130,500,True,True
130,500,True,True
130,500,True,True
130,500,True,True
130,500,True,True
130,500,True,True
130,500,True,True
131,500,True,False
131,500,True,True
131,500,True,True
131,500,True,True
131,500,True,True
131,500,True,True
131,500,True,True
131,500,True,True
131,500,True,True
131,500,True,True
131,500,True,True
131,500,True,True
131,500,True,True
131,500,True,True
132,500,True,False
132,500,True,True
132,500,True,True
132,500,True,True
132,500,True,True
132,500,True,True
134,500,True,True
134,500,True,False
134,500,True,True
134,500,True,True
134,500,True,True
134,500,True,True
134,500,True,True
134,500,True,True
134,500,True,True
134,500,True,True
134,500,True,True
134,500,True,True
134,500,True,True
134,500,True,True
135,500,True,True
135,500,True,True
135,500,True,True
135,500,True,True
135,500,True,True
135,500,True,True
135,500,True,True
135,500,True,True
135,500,True,True
135,500,True,True
135,500,True,True
135,500,True,True
135,500,True,True
136,500,True,False
136,500,True,True
136,500,True,True
136,500,True,True
136,500,True,True
136,500,True,True
136,500,True,True
136,500,True,True
136,500,True,True
136,500,True,True
136,500,True,True
136,500,True,True
136,500,True,True
136,500,True,True
137,500,True,False
137,500,True,True
137,500,True,True
138,500,True,False
138,500,True,True
138,500,True,True
139,500,True,False
139,500,True,True
139,500,True,True
139,500,True,True
139,500,True,True
139,500,True,True
139,500,True,True
139,500,True,True
139,500,True,True
139,500,True,True
139,500,True,True
140,500,True,False
140,500,True,False
141,500,False,False
141,500,False,False
141,500,False,False
141,500,False,False
141,500,False,False
141,500,False,False
141,500,False,False
141,500,False,False
141,500,False,False
141,500,False,False
141,500,False,False
141,500,False,False
141,500,False,False
141,500,False,False
142,500,False,False
142,500,False,False
142,500,False,False
142,500,False,False
142,500,False,False
142,500,False,False
142,500,False,False
142,500,False,False
142,500,False,False
142,500,False,False
142,500,False,False
142,500,False,False
142,500,False,False
142,500,False,False
143,500,False,False
143,500,False,False
143,500,False,False
143,500,False,False
143,500,False,False
143,500,False,False
143,500,False,False
143,500,False,False
143,500,False,True
143,500,False,True
143,500,False,False
143,500,False,False
143,500,False,False
143,500,False,False
144,500,False,False
144,500,False,False
144,500,False,False
144,500,False,False
144,500,False,False
144,500,False,False
144,500,False,False
144,500,False,False
144,500,False,False
144,500,False,False
144,500,False,False
144,500,False,False
144,500,False,False
144,500,False,False
145,500,False,False
145,500,False,False
145,500,False,False
145,500,False,False
145,500,False,False
145,500,False,False
145,500,False,False
145,500,False,False
145,500,False,False
145,500,False,False
145,500,False,False
145,500,False,False
145,500,False,False
145,500,False,False
146,500,False,False
146,500,False,False
146,500,False,False
146,500,False,False
146,500,False,False
146,500,False,False
146,500,False,False
146,500,False,False
146,500,False,False
146,500,False,False
146,500,False,False
146,500,False,False
146,500,False,False
146,500,False,False
147,500,False,False
147,500,False,False
147,500,False,False
147,500,False,False
147,500,False,False
147,500,False,False
147,500,False,False
147,500,False,False
147,500,False,False
147,500,False,True
147,500,False,False
147,500,False,False
147,500,False,True
147,500,False,True
148,500,False,False
148,500,False,False
148,500,False,False
148,500,False,False
148,500,False,False
148,500,False,False
148,500,False,False
148,500,False,False
148,500,False,False
148,500,False,False
148,500,False,False
148,500,False,False
148,500,False,False
149,500,False,False
149,500,False,False
149,500,False,False
149,500,False,False
149,500,False,False
149,500,False,False
149,500,False,False
149,500,False,False
149,500,False,False
149,500,False,False
149,500,False,False
149,500,False,False
149,500,False,False
149,500,False,False
150,500,False,False
150,500,False,False
150,500,False,False
150,500,False,False
150,500,False,False
150,500,False,False
150,500,False,False
150,500,False,False
150,500,False,False
150,500,False,False
150,500,False,False
150,500,False,False
150,500,False,False
150,500,False,False
151,500,False,False
151,500,False,False
151,500,False,False
151,500,False,False
151,500,False,False
151,500,False,False
151,500,False,False
151,500,False,False
151,500,False,False
151,500,False,False
151,500,False,False
151,500,False,False
151,500,False,False
151,500,False,False
152,500,False,False
152,500,False,False
152,500,False,False
152,500,False,False
152,500,False,False
152,500,False,False
152,500,False,False
152,500,False,False
152,500,False,False
152,500,False,False
152,500,False,False
152,500,False,False
152,500,False,False
152,500,False,False
153,500,False,False
153,500,False,False
153,500,False,False
153,500,False,False
153,500,False,False
153,500,False,False
153,500,False,False
153,500,False,False
153,500,False,False
153,500,False,False
153,500,False,False
153,500,False,False
153,500,False,False
153,500,False,False
154,500,False,False
154,500,False,False
154,500,False,False
154,500,False,False
154,500,False,False
154,500,False,False
154,500,False,False
154,500,False,False
154,500,False,False
154,500,False,False
154,500,False,False
154,500,False,False
154,500,False,False
154,500,False,False
155,500,False,False
155,500,False,False
155,500,False,False
155,500,False,False
155,500,False,False
155,500,False,False
155,500,False,True
155,500,False,True
155,500,False,True
155,500,False,False
155,500,False,False
155,500,False,False
155,500,False,False
156,500,False,False
156,500,False,False
156,500,False,False
156,500,False,False
156,500,False,False
156,500,False,False
156,500,False,False
156,500,False,False
156,500,False,False
156,500,False,False
156,500,False,False
156,500,False,False
156,500,False,False
156,500,False,False
157,500,False,False
157,500,False,False
157,500,False,False
157,500,False,False
157,500,False,False
157,500,False,False
157,500,False,False
157,500,False,False
157,500,False,False
157,500,False,False
157,500,False,False
157,500,False,False
157,500,False,False
157,500,False,False
158,500,False,False
158,500,False,False
158,500,False,False
158,500,False,False
158,500,False,False
158,500,False,False
158,500,False,False
158,500,False,False
158,500,False,False
158,500,False,False
158,500,False,False
158,500,False,False
158,500,False,False
158,500,False,False
159,500,False,False
159,500,False,False
159,500,False,False
159,500,False,False
159,500,False,False
159,500,False,False
159,500,False,False
159,500,False,False
159,500,False,False
159,500,False,False
159,500,False,False
159,500,False,False
159,500,False,False
159,500,False,False
160,500,False,False
160,500,False,False
160,500,False,False
160,500,False,False
160,500,False,False
160,500,False,False
160,500,False,False
160,500,False,False
160,500,False,False
160,500,False,False
160,500,False,False
160,500,False,False
160,500,False,False
160,500,False,False
